UPI ID(Payer),Supervisor Id
ridiculus,81-9770131
eros,55-5119763
vestibulum,12-1864515
mi,60-5373685
rutrum,02-7127888
libero,52-5101189
justo,46-1912510
habitasse,79-3001758
mus,39-0053965
lacinia,62-2053721
in,61-0810428
felis,07-4615371
erat,61-6957948
euismod,52-0782857
et,83-0548019
fusce,34-6994225
libero,61-0810428
sollicitudin,63-1551020
nullam,60-5373685
proin,05-9257641
et,57-9892158
consequat,29-4301702
quis,15-2845747
ultrices,61-4371846
quis,54-5097200
felis,18-0862992
pellentesque,44-5117400
eu,41-2547566
eget,37-4026891
justo,31-0669027
lectus,15-2845747
sapien,99-7542516
penatibus,98-2635959
enim,55-4924763
nam,77-7624298
ante,25-5384625
mattis,06-0663673
nulla,95-0111091
turpis,04-1924105
cum,07-4615371
gravida,21-3387983
pretium,95-5744420
eros,55-5119763
metus,39-0053965
rhoncus,43-8212884
in,06-0663673
neque,61-4371846
nibh,04-1924105
eget,08-7814367
magna,62-2053721
nec,08-7814367
ut,06-0663673
erat,17-9868882
interdum,15-2845747
pede,37-4026891
vestibulum,29-4301702
mauris,31-0669027
morbi,06-1997216
primis,98-2635959
eleifend,00-8147732
