Supervisor Id,Mobile No.
12-1864515,5878698927
41-2547566,5345616159
54-9517724,7650250393
27-8667464,2006959751
08-7814367,1709529784
80-4515038,7116341129
54-5097200,7243166784
60-5373685,1635781426
44-5117400,6849922092
29-3454719,6015384077
52-0782857,5391780128
21-3387983,3916158864
08-7814367,7688759641
52-7986782,2890293092
60-5373685,7513773459
29-3454719,0434517232
31-0669027,7820842970
99-7542516,4014443140
09-9578914,7706494543
04-1924105,2831874912
61-4371846,0998893390
75-0948013,0923408940
55-5119763,2648286209
61-6957948,1050822994
80-4515038,8683501280
99-7542516,5626413499
12-1864515,1112610197
60-5373685,5306067352
79-3001758,1737711729
39-0053965,4556723272
61-4371846,3302624522
05-9257641,1695516095
55-5119763,2572132540
93-3736052,0521839904
81-6387626,1288540531
77-7624298,9765166494
52-0782857,5329896185
62-2053721,7284089555
60-5373685,8703173097
85-3168930,5542569749
15-2845747,0005931479
15-2845747,2832872484
98-5683490,6489481758
06-1997216,7986175842
81-9770131,2850487252
46-1912510,8663522312
79-3001758,3486671324
93-3736052,8481295280
07-4615371,9126877228
41-2547566,8231988211
09-4662111,9924769457
54-9517724,4808286920
26-3296405,5072428419
41-2547566,7568527379
99-7542516,7125398308
17-9868882,4440310842
95-0111091,8675322917
43-8212884,9968144134
95-0111091,2371234052
75-0948013,1177362120
